﻿id,detected_names
6AzyVcLTK0,['งิ่มเฮียง']
KVG7hHQ1L8,"['เจตน์ณัชนัย', 'คออีก']"
7YGDGTUHqt,"['กัมปณันท์', 'ขวัญชีวี', 'กำไล']"
ENUjSSQbyL,['กัญจน์รัศม์']
4fz81U1iph,['กัณฑรีย์']
dQsZVNbsFf,"['กาญจน์นันท์', 'กัญจนรักษ์']"
MMUMsX8Sb2,"['กิจฒิภาศ', 'คนุ']"
MIbOGKpTjs,"['กิจปราณีต', 'ขวัญสรณ์', 'คาร']"
Vd1eFRblyM,"['กฤตย์จันทร์', 'กษมณัน']"
UzpchpzFtS,['กรวินท์']
CWr9vtLUKa,['ขุนดาว']
HDluTxHSET,['คัณธนา']
qMZ8tT9TPr,"['ก๊กเขียง', 'กุสล']"
noGMbJmTPS,"['จิรานุวัตร', 'คมกาญจน์']"
ZcUDIh7yfJ,['จิรเวท']
tRPTXDEo8o,"['เจตน์ดำรงค์', 'ขวัญล่า']"
7Kc03bfc8P,"['จันทณาพัฒน์', 'กรรษ์สกล']"
oNV9fT2LgL,"['เจนศักดิ์', 'ครรชนี']"
9RN3ORoApK,['คะเกียว']
5C9Nr4Ufx0,"['กิจวัฒน์', 'แกมดาว']"
kzRG754TXt,['ง่วนชั้น']
UQLNjuQ08U,"['กรัยชิช', 'จันทนิต', 'โจม']"
GnjQEo2gw2,"['กวินทร์วัตน์', 'กุณทรัตน์']"
W6tmJmO7cp,"['กุญช์กัณชนก', 'กันตธีร์']"
E8JkqH3MB9,"['ขนิษฐพร', 'คำพ้วย']"
OUFfYSv3o7,"['กิ้มเพียว', 'เกษา']"
y6jl792cJZ,"['จิระกาญจน์', 'จุฬาวัลย์']"
CkiwVBaw43,"['กัญญภัสสร์', 'เกตน์นิพา']"
BsN6dSH5jD,['จรณินท์']
Gh3RyHtAd3,"['ขัติชาติ', 'คนิพร']"
ZJiN4fetzT,"['กิตติสันติ์', 'โจม']"
n8WNHEJ0WP,['กานนท์']
aHVdJ7B1LE,['คณาวดี']
SAMYOviZ8P,"['กรรณทิภา', 'ไกรมณี']"
7OIZN2X6B7,"['เกรียม', 'คนิฐ', 'คาร']"
RH0NzLgaGQ,"['กันติกวนิชย์', 'กัมมัลยีต']"
s1ON43xKmT,"['กาญจน์อร', 'ขวัญอมร', 'คาร']"
V4HcQv4XNi,"['จันทร์กระพ้อ', 'เกียรติธนา', 'โจม']"
RD5L3bEhqe,['ค่วงเอง']
Ztpdp4K8ff,['คุ้มพันธ์']
cK8ShmbCuA,['จารุพงศ์']
woQL0lytUS,"['จำจรัส', 'คาร', 'โจม']"
7qnQTupqzi,['ครีนภัทร']
WhgYNNY28g,['คมวรวุทธิ์']
9yz8TmeLS1,"['กันต์ปวีร์', 'กำรูญ']"
dgAvTEgRXi,['ไกรยง']
562dfOB1rc,"['ครุศิลป์', 'จาเร']"
WLCR74KPON,"['จีระวัตร์', 'กันลา']"
QhAw3Q8WB3,"['กัญญ์ฐิภัสส์', 'จันหอม']"
vwSDrtqohU,['กำสิทธิ์']
SH1JCDtKi5,"['กุลยาวัลย์', 'คาร']"
rDHfH4NfpE,['ไกรชนา']
FCam2Q7ZHs,['คัทริน']
xBe8Q6vNuQ,"['เกี๋ยงภา', 'กิตธิชัย']"
tvFzVkbwRw,['จรัสภรณ์']
NuF545K3rF,"['กระนกเนตร์', 'คาร']"
9aQLYcgnHY,"['กมลวรรณชนก', 'แก่นฤทัย', 'งามเพชร']"
DCCRnGEY59,['กรรจนี']
VcJyHWO9dm,"['กิจชานน', 'กาจเก่ง']"
7FHOPHfsDB,['แก่นชน']
R3pzh84KpL,"['จันทร์พรส์', 'คำไมล์', 'กษิภพ']"
oeQ0rPNxce,"['จานุวัตร', 'กริสริยา']"
qXg5KRUhoV,"['เขมธิดา', 'ขัฏิญา']"
1S6xfB2gpB,['จุรฑามณี']
cImUx8a5uW,"['เง็กล้วน', 'กำพนธ์']"
y9A18RPVxY,"['เกิดชัย', 'เกตุกนก']"
fdB4iEnCex,['งักเค้ง']
5t0YgDNk1L,"['คำปภิพร', 'กีรยศ']"
IwO1S4a8va,"['จอมวัง', 'กี้ชุน']"
WvMBvxR4vu,"['กุนสินี', 'ขิ้ง']"
RHzLJHXz3q,"['กรกนกพรรณ', 'กิมเสง']"
LLW98g7gKX,['ขวัญลุลี']
0RTZt6NLfR,['จิราพัชร']
EeviTEmj6m,"['กนกเพชร', 'กชวีร์', 'คาร']"
nGzYvZJNSR,['ขัตพล']
pBlMptsKC9,"['กรรปวีร์', 'จันฉณี']"
0RFhoTnm83,"['จิตบิตุรงค์', 'เจณรีย์']"
RujtNNgWeQ,"['กิตติเมศร์', 'กฤทธิ์']"
nRpQgwXJ43,"['กจัดกาญจน์', 'ขลิบเพชร']"
gcYQGLdEh6,['กัญญ์วณิช']
PjujyCUYYE,"['จวนเกียรติ์', 'คุปตพันธุ์']"
5XL8Sb24WK,['กฤชนนท์']
vlhzz9Dr1y,"['กรรจนา', 'คงเกษม']"
YcXm6fCGbZ,['งิดเชียม']
ge8INvtUEW,"['แก้วก๊อ', 'กุลวดี']"
I5Pwdzrm9h,"['กมลชาญ', 'คณัฐน์']"
OlZieTX8Dc,"['ข่ายแก้ว', 'ค่ำ']"
9vsCZiiAMS,"['งึ้งหงษ์', 'กฎภาคง']"
fvD4cgHXQV,"['เคงน้อย', 'ไกเว้ง']"
YsKRWmlN2O,"['เกษชฎาพร', 'กนกงาม', 'งี้ซีน']"
147ibMh3Hr,['กาจนสิทธิ์']
HY0UqkxiVX,"['จิตภาณี', 'โจม']"
FC4yErKMBf,"['กิตติวัตร', 'จรีย์']"
yFWhKRFQJR,['คมณ์']
yHVpguHLm0,"['กรัณย์ชัยพงศ์', 'กฤณ']"
GMkA0juYBy,"['คมนค์', 'ขั้น']"
mA4JBzpkTV,['ขัตติยากร']
8E9ZsV3vZh,"['กระแสสินธุ์', 'กิตตินัย']"
mbpZ0tDFJB,"['กฤตพันธ์', 'ขวัญสิรี', 'โจม']"
A60PTYVza8,"['จิตสรัฐ', 'คานเซท']"
B9xO51DTjB,"['กิ้มซ้วน', 'กรีติ']"
rmvicSKdri,['เกตุกาญจน์เกล้า']
U3gjPxv0ih,"['ขวัญระพี', 'จิรติ']"
nLE1DraUBV,"['เกียรติรงค์', 'คชากร']"
jmsn9dLVId,"['จิ้นเกียง', 'กัญญุมณฑ์', 'แก่']"
1xiRUv4EDC,['จิระยุทธ']
O3WFg3aKsE,"['จิตติวัตถ์', 'คำเนือง']"
bdE2zBRgFT,"['ขาเกียว', 'กิมโม่ย']"
tN0NxSR9SR,"['จุติเดช', 'ขนกอร']"
0Jt7Qg84iq,"['ขันธวุฒิ', 'เขตฤทัย']"
510QCRhw0y,['เกณิภา']
zGdRtq0lb8,"['คำเหลือง', 'เครน']"
bh4qlL9qcg,"['กฤตย์ธวรรณ', 'คกเท่า']"
lkQ7cdPxsn,['กิตติวรรธน์']
vCYivsxN28,"['ง่วนกี', 'กชญาณ']"
zsPdY5Y9pF,['กัณฑ์คุปต์']
OnL1GsckVI,"['คณัสชพร', 'คฌาพร']"
HDjM5Giu7N,['กฤตินี']
HR9cg6IOw9,['จิฬาลักษณ์']
D9ejW9o3RU,"['กษิดิศฐิติบุญ', 'จิรัฎฎฐ์']"
YtMV0K6sCh,['ขวัญมัณฑนา']
vw40BA73h3,"['ขวัญวรา', 'จักเรศ']"
zwQzzLmHaV,"['กุลวนิด', 'จันเทศ']"
qQfkplJeka,['ขนมเทียน']
mjbcpEN2Xe,['กุณทินี']
OYr3i2G9L4,['กล้าพงศ์']
gjgkCDuAhI,['ก้อนดิน']
sEr6MgBlq8,"['กันย์จิรฐา', 'ไกรรินนา']"
uTcrAfF4px,"['ขวัญวรัชญาน์', 'กฤตนพ']"
NepOR6soVf,"['เกษรินทร์', 'ครินทร์']"
vevgJRysqU,"['กรจิรัสย์', 'จันทรส']"
TBYyeCMELz,"['แจ่มจิตต์', 'จุติกันต์', 'กรมถัน']"
pFlZH3cvf9,"['จันทร์ทัต', 'กัญจน์วิช']"
yXCpVcmDVX,"['กัญญ์นวพร', 'กนกรวย', 'คาร']"
Vd7IlkYbFG,['ไกรอรัญ']
Ib6zLKQbfP,['จิตติภัส']
V0VUuaj5D7,"['ขันธพงษ์', 'เขมอักษร']"
IJ8ftnVV5U,['กัณพัฒน์']
YtkYqoExsX,"['แก้วจิตรา', 'คชาโชค']"
8pm1bNjpiE,"['เจตวรินทร์', 'จิตกาญจน์']"
KHkRykirtr,['กตัญพัฒน์']
zSsJimAQ8y,"['เจตษรินทร์', 'จังเว้ง', 'ขวัญนรี', 'โจม']"
t21n9iMJnL,"['เกศวิภา', 'กีรวุฒิ']"
TPL4sASZYX,['กรพัทร์']
QrQ26Qx3gb,"['จรุงรัชช์', 'กรรณฤพร']"
3fgOKXZw0j,['กิจอารีย์']
jbLYyEL32c,['จักเอี้ยง']
lmdVlZWmq5,"['จิตติพนธุ์', 'กันฑิมาพร']"
3wFYE4MaG4,['กุลภานัน']
Hhat7cR2M3,"['คฒาเพชรภูวิณฆ์', 'ขัญไช']"
J8L4V6lORB,['กัญญ์ญาณัฐ']
5XwwU90P0j,['แก้วผกา']
yfxobu7g1T,['กฤษมน']
1ZC9bcvdvY,['คิดชนก']
AFJWpSEPTF,[]
xuMBOp6cWN,"['กฤษฏิ์ภาคิน', 'กัญชญา']"
UKo9Q3vHHS,"['เข็มกรัด', 'จุกโม้ย']"
2Q96M3jvfL,"['เกียรตินาม', 'จริณพร']"
j47iYmmIyS,['กฤดิณี']
91AIVVIZM5,"['กฤชษฎา', 'กาญชณา']"
4KKEpYEZAm,['คำเคน']
dHbBKuJer5,"['เคียงใจ', 'กชภัศ']"
Gg0uuJOmNn,"['กัญญ์ภาส์ภรณ์', 'ใจจิรา', 'โจม']"
9xS5ZIMO6f,"['เขมภัสสร', 'จัณฑิกา']"
lHeYGkAIIz,"['คณิสพูล', 'เจตรา']"
5NUBDy6QlS,"['ก๊กเคี้ยง', 'กัญญาวีณ์']"
V0zFRI3Gek,['จะรงฤทธิ์']
OhbVrpoiVg,"['จุงลิ่ว', 'แคส']"
XZuv1LVyZV,"['เจษภรณ์', 'คนาธิป']"
zpjPSa5W3X,['กันกนิษฐ์']
mIUjcimAJT,['กลั่น']
aP7kG2E2F3,['เขมฤทธ์']
BIbazhakPE,"['กิจมงคล', 'จิรยา']"
Bas7ZCyRu9,['ครวญศิริ']
ME3Eko1AMj,"['เกงหย้ำ', 'ไกรวัน', 'โจม']"
ELFd4Bjn7N,"['ครองสิทธิ์', 'กรีธาชัย']"
66kgnjGo1m,['เกรียงพิช']
3MYQNaDyDY,"['เกิดสุข', 'กรนต']"
XaTZH8efvu,['ไกรฑูรย์']
FJP8RvqW0F,['คะชล']
3vZgaD3SzU,"['คำเปลี่ยน', 'เจะหะ']"
TJSWZhAD6e,['แจ่มฤทัย']
kMM9VThX0k,"['จีระวรรณ์', 'จิตรสรา']"
2znD0YmTvg,['เกียรติทวี']
YhebXEWBcm,"['กัลวรัตน์', 'จรัญา']"
J7ZqwbAhw3,['เง็กงิ้ม']
Zl4AblV7vY,"['เจตนาพร', 'จุลลดา', 'โจม']"
FmubjdIblg,"['เก่งกฤษณ์', 'กรประไพ']"
73Xl2FUzt0,['ขนิษฐสรณ์']
dRfrCQBFMC,['กัญภาธิน']
0WJcDfuquh,['กันยกรฐ์']
ESinjOrHCA,['กฤตศิริ']
DRZtUbzq0a,['จู้เหี้ยง']
7QOZCdmjdo,['แจะเฮียง']
05c7D5N2Fd,['กล้า']
N6jSzCPn4I,"['คิมหัน', 'คณพัฒ']"
4UlzwagBFm,"['กฤษณโชค', 'ไกรพร']"
CRQ9fGzmFu,['จรรยานาถ']
gyrDO1xkxw,"['จำเป็นศรี', 'กฤติภร']"
gXpQQwkPNc,"['กานต์ณัฐ', 'กายกริช']"
VqmN3X33C1,['ใจแจ่ม']
jes2YgGXI1,"['กิมไล้', 'กุลดา']"
NrHcUe1te8,"['กฤษจธร', 'ครุท']"
JFdw8PQyYH,['จรัลย์']
7KfhQABxwm,['จิระกูล']
4y40b8J8ro,['ขัติพงษ์']
7BVppEc60x,['เงินทอง']
SVgYLlyEPS,['กรรตนา']
bVN4mCLBya,"['จิระนันท์', 'กานตะนา']"
oY7XrmbfI2,['ฆนาคม']
QEDACfMMap,"['กมลฐาน์', 'กชสิณ']"
KaNPkCwUnO,['กัลยวรรชน์']
oN1qmhlQZK,"['เจริญฤทธิ์', 'กรเก็จ']"
ovBEdGBPdt,['จิราพงษ์']
bSywUiq5cF,"['จันทร์ทนา', 'จิดาพร']"
S2ew7GgsYR,"['กรวิก', 'ขายู้']"
2u7ZzS1Vuu,['คุณัญญากานต์']
V7JOnmnNTs,"['จิวรีณ์', 'กนกนิจ']"
azmOtuKfhk,"['จูมทอง', 'กิจรี']"
Vp7Bnjglnr,['จั๊กยู้']
OVQ9QeROIZ,"['จิตนิสา', 'จุล', 'คาร']"
ZdDiGADKdJ,['จิตนิพัฒน์']
S2EZAP4Zkh,"['คณากิตติ์', 'คชาทิศ']"
TtJPhPJfm9,['กาหริ่ม']
8i2GDrmZhv,"['แก้วเก็จมณี', 'จักวรรดิ์', 'กฤติยาณี']"
gKUOHfEUSM,['จิรัส']
xgjBPLqq2I,['กฤติพิสิฐ']
69Y3UPx98a,"['จิตติภัทร', 'กิมพลอย', 'คำตี']"
UYKqdOELkK,"['จิตปวัน', 'คณาพงษ์']"
OFFZl4NoTs,['กฎกร']
Pf3kTbKOYX,"['เจะสัน', 'คาร']"
YoiZBA6A5D,"['จรัสฤทธิ์', 'กิจติมา', 'คะนินทร']"
Pj5KdOTZQ4,"['คณินธัมม์', 'จิรักษา']"
To4nZRPjXT,['จีระเดชท์']
mFlG8hCK0n,"['คีรติยา', 'กวางจู']"
JAVgXOKwRD,"['กลิ่นลำดวน', 'กิตติ์ลดา']"
vf08WpRtoZ,"['เกียรติเมธส์', 'กิจรักษ์']"
dHZBE8IcGw,"['กองกุณฑ์', 'กูลธิดา']"
rFeMVxLEKB,"['กฤษณกจร', 'กิ่งพร']"
E6Fh4ACceq,['กิจจนันท']
uyqfhgIksj,"['ก่องกานดา', 'เกษกัลยา']"
TBJahe84S5,['กฤษณะชัย']
ACSMEscosT,"['กาณฑ์กมล', 'เกสพิณญา']"
jaVIGvPTsE,"['กฤดาญชลี', 'จลินทรา']"
5O7VrjXmgi,['กุนภาภิอร']
BZooqhsfhf,"['จันตะนา', 'คาตี้']"
IUuYFtqJ2K,"['ควันเทียน', 'เกษสุณี']"
BuYiprPfpJ,['กุญชนิตา']
0otO2f8tAX,['ค่าซิม']
Ir7JSrigNV,"['กนกนภา', 'จินพ่ง']"
UKuKMXR0up,['กรกัลย์ดา']
fiPZA3D5YS,"['กานต์วจี', 'กันยารัช', 'กอบกิติ']"
gcDwjiqx4L,['คมสรรห์']
XswuRGFXVC,"['คฑายุทธ', 'ไกรเอก']"
P7cipXfrj8,"['กัลยาวีร์', 'เก้านภา']"
xI0WcWUCIn,"['จวงจันทร', 'คำอนันต์']"
QEilmkMFgY,['กัณทรีย์']
Q6GobLKKEr,"['กิจวัฒน์ชัย', 'กิจจาริณี']"
XINdMdQgP1,['ขจิตต์รัตน์']
8wLtO9BSqD,"['เกตุจรินทร์', 'คนิจ', 'แก่']"
tC3JfnU4CV,"['กระจ่างพงศ์', 'กองดี']"
JgdPI1af7W,"['เกศราภรณ์', 'จตุการ']"
vDT7jcj7uM,['จรงค์ศักดิ์']
ijoySjTneA,['กิจจาภา']
rfKKcKYEcd,['จิตรอุทัย']
XJjNsuAPuh,"['จุฬาพิชญ์', 'ครัม']"
OMaY9a9YgI,"['ใจจาศิน', 'กษมชัย', 'กัญน์', 'แก่']"
mhYjR296EF,['คิวเพี้ย']
JFc00t1LtF,['กิจวัตร']
eA4c6hy7Kk,"['จริมจิตต์', 'จิตธิระ']"
aj2gsykKz2,['ค้าจิม']
UZggux4tiy,['กฤษฏาญ']
32VUdTiHnJ,['จวบ']
n7IWUSmTtz,"['กัณยาณิษฐ์', 'คติชัย']"
FRgzCHQRfh,['ขอติย๊ะส์']
AcabjYx10H,['จักรกฤษร์']
sCz4tX0sDk,['จิรติพร']
lfN3yNRpF6,['กรปรียา']
dp8N7j310s,"['เกิดบุญ', 'กฤษญาพร']"
5RWdcgOY1D,"['จิริรัตน์', 'คมมงคล']"
cXk6vK3Q3j,"['กันต์พจน์', 'ฤกษ์ชาย']"
he5pUCLLuA,['จิรัฐิวรรณ']
LtNd5vIXaE,"['ขวัญสม', 'กฤณตพณ']"
gdzKJ1Fjdx,"['กิติโพธิ์', 'ขวัญดนัย']"
b0LLzXLn6c,['จิณรัตน์']
gFmMmXq1Hm,"['กายพงษ์', 'คณิตพร']"
vXkeGOhHGm,['ฆณฑชัย']
tMfsW7Cyz0,['กนกคร']
oABRWzWXSI,['กุมแยสกุมารี']
JVDobYajqt,['จินติวุฒิ']
EZ2kNnsSVf,"['กิตติสุข', 'ควรคนึง']"
LYJWDU0DvY,['จันทร์สยาม']
lbWNNrMKNo,['กรุบัคยีสซิงห์']
aGT8XFEBz2,['กระทง']
hYKYcwIBQx,"['จิตตสักก์', 'คุณาพจน์']"
GnY9jxIkYp,['กรุณี']
6jXh2H3x9e,"['กัลยภัคค์', 'กนต์ธร', 'โจม']"
jaiHsxXFAv,"['เงินทวี', 'เค่งจือ', 'จอมที']"
SotinifBSW,"['กองสินธุ์', 'ก้วยเฮียง', 'จิตติลญา']"
7Vqx9CC9za,['กีระพาพร']
1PCfUGhlXL,['กิจธิพงษ์']
2BN6P2rvrr,['กุลณิชฐ์ภัคร์']
nvFGZWQvkN,"['ง้วนเส็ง', 'เคว่งโฮ']"
t3e59A5xQQ,['ตุ้ย']
hVQDlYl1zc,['จุ้นฮวด']
mHQpKO8lJV,"['จันทนภา', 'คาร']"
4nAtXMFgTI,"['กัญนิดา', 'กมลวัชร']"
PVIZrAm2el,"['กัญญวัชร', 'คำปุล']"
Z2Is9OjtR4,"['กาญจพจน์', 'คาร']"
fwo4nQvvxs,"['กิตติภาญณ์', 'คณัตนนท์']"
69fh18Ujwt,"['จันฐวรรณ', 'คาร']"
H2hsfWkrC5,['กัณฑ์ฐภรณ์']
RV5lNKtzJ1,"['ขจิตศิริ', 'กฤติธร']"
CZs1Se02YY,"['กานต์ศิณี', 'เกี้ยว']"
Mc3emZWLUQ,"['กิติพงศ์', 'กัญคณิช']"
F155sXZoMZ,"['จันทร์บาง', 'คาร']"
ypQCUOknKU,"['จันทิญาณี', 'คาร']"
5gUysMmTj3,"['กรุงธนะวัชร์', 'กรหัตถ์', 'โจม']"
NBMqjf9xk8,['จีรนาท']
4Y7jxETx0t,"['เกิดบุญ', 'กิมฮก']"
9IR37EK4pE,"['กัญญ์ปภา', 'จิตต์หาญ', 'คาร']"
ANVj77p3kZ,['กรรณเกศ']
IxDaXOGyUl,['คณาฉัตร']
zXkBdzWcQ7,"['เกษฉัตร', 'กรณิการ']"
rlqbIQ3X8X,"['จิตยา', 'คำผาย', 'โจม']"
gXLVWvicwI,"['จันอารีย์', 'คณศักดิ์']"
3gpmmICiBl,"['เกื้อกาญจน์', 'จิตเจริญ']"
hxtxtsFbYj,['ฆเชนต์']
qDdg0l3c2s,['กิรติพงศ์']
8WylwZVR9Y,"['จิตติยา', 'จลวย']"
cGgGBAgDQU,['กิมเลียง']
PiEjOD53I5,['กนกชนก']
bVoSB9e6pm,"['กุลชลากร', 'คุรุชน']"
wnA5P2Gjkl,"['จันทรัตศ์', 'ใจ๋แก้ว']"
IALVUj4APg,['ขิมณัฐ']
s34PyoyGTg,"['โขมพัส', 'เครน']"
USCuetcZTh,"['กิติธนา', 'คชวัฒน']"
RPyj10J5Nd,['โฆสิษ']
KlyPyxLP51,"['กวีสิทธิ์', 'กัญญวร']"
IJM42zELiq,"['กฤษกรัณฑ์', 'แขอุไร']"
YqJeK0o6qA,['เก้าคม']
0SRBZ86lg6,"['จันทร์เกษม', 'จิตศิลป์']"
mVR5uoXhuo,['เขมกุล']
1OgCVvqxxJ,"['คอราซอน', 'คนึงคิด', 'คัณโท']"
PzXm4tfcIv,['กิตติบุญ']
hRbpxFMCl9,['คำรณค์']
KNQyvbF2ul,['กุลรดี']
aSkfF2BPYv,['เกตุทอง']
0ehKB9Urjf,['เกมรินทร์']
KNw7iNKFHU,"['กนตนันท์', 'เขษมณัช', 'โจม']"
gYs3I4w4Aq,"['กุยฮวด', 'คชาณพ', 'โจม']"
d6wx223X0i,['กรฐินันธ์']
eTsprvu5If,"['กุพชกา', 'คุณภัฏ']"
Py1yoqfBOp,['กี้']
pGfBUDtkUm,"['กิติพงษ์', 'ก๊กลิ้น']"
n2bxJE9i6h,"['โกมุทพันธุ์', 'จรัตน์']"
GGfzxGaQp2,"['จุฬาศรี', 'กมลณชนก']"
h3BSiEeoyf,"['จักร์กิจ', 'จำนัญจา']"
kIUpkDyr7O,['จิรวิชณน์']
JnEn36vt96,['จักษวัชร']
ZxB4zVC59y,"['กุลทิพย์', 'เกาฮ้วง']"
UXZYeIoay9,"['กัณฐิมา', 'กฤตธนา']"
jzzSLgV75k,['กลัยดา']
5CDQL9Gi9F,"['งามวัณย์', 'คำพริก']"
t8VaFZQ1wv,['กฤตรพร']
haPwOMxuf8,['จารุวณี']
WAc7O1RLhX,['กิมสง']
ishODNCrSN,"['กรรณวุฒิ', 'งามใจ']"
6ZyyQY0PjF,['เกรียงพันธ์']
poqZtfKzK6,"['ไกรทรรศน์', 'เคนศรี']"
Yp8eXMNCWg,"['คณิตนันต์', 'คณิตนันท์']"
Myjkl1SXNZ,"['คมน์สรรค์', 'เง็กแซ']"
OUNX1yj0Rp,"['กิติวุฒิ์', 'จิญญาภัทร']"
LgUVSy8Pq3,"['กันติลักษณ์', 'คชาชัย']"
VjQCxZlqYS,"['เกตุษณี', 'โจม']"
W1PRPetSBU,['ขาเซ้ง']
NKCmnR4utK,['จิตรศิลป์']
q7lH9zMKOb,['กิตติสันห์']
VVUyPPYJ92,"['ขาวลักษ์', 'ขยับ']"
eHqy6oHzw0,['จารุกุล']
34k6COu4ZX,"['เกสราพร', 'คุณาธิน']"
Xt4TkFBitT,['ใจสฤษดิ์']
OSyR7XSivl,['คชภาศ์']
8752gfZ1gf,"['จีรังษ์', 'กรณพล']"
BrHeqTKOeF,['จิรัฎฐ์สินีย์']
6g3Ot1OGMm,['กัลย์รัตน์']
g7vsDPIHF4,"['กมลกานต์', 'กิตตวุฎ']"
lcEqkTDBh5,"['กองเกียรติ์', 'กีรภพ']"
uPYWcHYAP0,['กิมจ๊ะ']
IvIwRX3URP,"['คำเป็ก', 'กัณตภณ']"
lBCJJGAgbf,"['กฤดินันท์', 'จุรัก']"
oIskXDKVXX,['กัณพากร']
JX0NNRPJbM,"['จตุรพร', 'คาร']"
mRxjWU2fhV,"['กฤษไกรณ์', 'กิตร์ศดา', 'คนาธร']"
PkqRMpzphj,"['กันยาพร', 'กรนิต']"
pEFRWgadrW,['กรณิศฐา']
g0Clt9zeMg,"['ขวานศึก', 'โจม']"
jX3tJ3ZY5f,['จุรัมพร']
yEa8wtWy25,"['เกวิภา', 'กาซิม']"
vn0SLBYBKY,"['กฤษนล', 'คาร']"
mlJc9yQmtS,"['จิรธนินท์', 'คำฟอง']"
IGoDXOQnrd,"['กุรมิตรกอร์', 'คัมภีรภาพ', 'กำซัน', 'โจม']"
tL0ZFgHwSK,['จุฑาวัชร']
4VGt1SJ3uT,"['เงินจวง', 'กฤติเดช']"
wriUNBeJqq,"['กรณ์ปรียา', 'จตุกาจ']"
CdibE5Rdgy,"['คณางค์', 'เกษสมร', 'ค่ำ', 'คาร']"
jym6MGV4i3,"['คุณชาย', 'ฆนารส']"
gpVA3my5oe,"['เกียใช้', 'ครองพล']"
fsfyhrevbL,['คำเพลิน']
1Jk8unffbB,"['ง่วนเส็ง', 'แจ้งฮ้ง']"
Tdky9OaZf0,"['เจ็งเอ็ง', 'ค่ำ']"
ywIyg1EY3K,['คุณานน']
sRqj1dSYsn,['เจริญพิศ']
5ArbSELbuy,"['คิมหวัน', 'กรสิน']"
cGvDRoPRTj,"['เจริญกาญจน์', 'จำเหลาะ']"
av0mRQeo94,"['คณาศักดิ์', 'กิ้มง้วน']"
KhaTHBX67D,['จิรโชติณ์']
8FuLa3X2Uf,"['คุณันต์', 'จูลีนา']"
dZEHwXLokg,"['ขันติรัต', 'กิมใจ๊']"
5s8WKQjZKU,"['จันทร์มารีย์', 'กรองขวัญ']"
cxxlPJTeJT,"['เกตสุรางค์', 'คัทธริยา']"
q4I0YKqSC9,['จินานันท์']
GsOTGXABSz,['เกตชดา']
4JlsgEiVqU,"['กฤศกานต์', 'กยะฤทธิ์']"
gTd78CZD91,"['จิรวรัตน์', 'คาร']"
9IkB8Qaptc,['จักจั่น']
AZCskZU5BU,['แก่']
jE7MBfeqox,['กอกช']
4rJaH8mfpU,"['กิตติฐานนท์', 'เกษมบงกช']"
2d2W7JDPJe,['จักกฤษ']
eZmBvZ1VRz,['กระติก']
kOZ7vAONKz,['เกตุน์กานต์']
QLxEJHwBVJ,"['กัลยณัฐฐ์', 'จุรีนาถ']"
15gGUNhshY,"['คัดนางต์', 'เกษมงคล', 'คาร']"
4gr6FQx7qZ,['เง็กเคียง']
fowoV3tAY4,"['ขัตติพจน์', 'กิตติชาติ']"
Txe6Khd1J5,['กังสดาน']
PvYjics61E,"['กิจจิตต์', 'คำบ่าย']"
QgQHrNMSiA,"['จีรบูรณ์', 'กุลยาดา']"
MooRbwfSXE,['กันติกา']
ZalAFi52OH,"['กรองรัตน์', 'เจตน์ไชย']"
PjSIYgiFou,['จือเอง']
McNfAQLKHu,"['จีระพัชร์', 'ครองสิญจ์']"
zTL5fH6m4B,['แขทิตา']
tbKWtO5num,"['กาญจน์วัลย์', 'ใจดาว']"
gHQec18il3,['กระนกเนตร์']
yigbmH36GR,['กุลฑล']
YeP0tGZtBQ,['จิระเวช']
fKybVUiDOO,"['เกียรติประพันธ์', 'เจตะนิพัทธิ์']"
ZkSBvrjn9W,"['ขนิฐชีพ', 'กิมใจ']"
6QvY34uDFb,"['กองศักดิ์', 'กาหรั่ง']"
ayMH9Wr7FE,"['จำรัสศรี', 'จิต์ระพร']"
dPE3xJ7gT2,"['จันทนิจ', 'คำไผ', 'โจม']"
Wc4Uodr6AI,['คฤกพล']
fHG5jAh6Fa,['จิตรกาญจน์']
RXJb8UD8Tn,"['จันท์ทิมา', 'คัธพงษ์', 'เข็มพร']"
j35Nq6xzlS,['กฤชฎพงษ์']
ecVjFPbE66,"['คมเศรษฐ์', 'จุฬมณี']"
gqNjfP74yt,['กุลนรี']
nSgQ0cpcmj,"['กมลธัญพร', 'โค้ว']"
uPeCDRHwi4,"['เกียวฮวย', 'กิมใจ']"
0Mwyl1XZSa,['ไกรพ']
bF4OIsP9tE,['กรศักดิ์']
SFhbOMZpTk,['จันเทศ']
T2Bxyxasww,['คมคณิศร์']
KyuKgZFgSR,['จ่าน']
2X9KclMu6Z,"['จิรณัฎฐ์', 'คำภีร์']"
7w4e4pxskC,"['แคทร์ทรี', 'กันรัตน์']"
T0YPhWWn9Q,['แก้มแหม่ม']
4VXBP08eVR,"['เง็กเหลียง', 'จักรพงศ์', 'จฏุพจน์']"
38xVLH9CAk,['จันทร์โต']
Oey5SvHcsB,['ขวัญณภัทรา']
rRSSxgILw0,"['เง็กเหี้ยง', 'จักราวดี']"
8aFim0y9JG,"['เกตุชัย', 'กฏกร']"
mahbDOYhV2,"['คำแหว้น', 'กิจจาธร']"
bdShACyhJq,"['กิมสิ่ว', 'กชศมน']"
uXsyDIPwtq,['จินต์เลส']
eaqnc7d8Yz,"['กรณธัช', 'คัคณา']"
mWkFGDF4tF,"['กฤติณภัทร', 'กัญจมณ', 'จณัสตา']"
J38aRUhR4I,['จันทร์ธร']
TQxTChgWQo,"['กัญจน์กมล', 'เกษจง']"
dRPPgdzUvZ,['คลำ']
uGSojdRUzC,"['คณินธัมม์', 'กิตติวัต', 'โจม']"
R9MmKKPPIl,['ก้านทิพย์']
OSPmTxKQP0,['กุณรสิกา']
9dHc12e80Q,['กริชพันธ์']
5uF3MIflmG,['จุ้งเตียง']
VfLgGiO0ze,['เกียรติปฐม']
E6D4ccPugT,"['กิติโพธิ์', 'โกสล']"
CTqgceeKUq,['กฤติย']
WHXFYDmsQF,['กานย์แก้ว']
1vTfGPlcpT,"['กฤษณะณรงค์', 'ใจจิตต์']"
egkrhSjFj3,['กิมเหล่น']
BKxNrRzWnA,['คอเด็ด']
zn9B0nFru1,['คำนึงภัช']
erXY2Av7YG,['คาฮุ้ง']
K1Mtv6fdgA,"['จุรีกรณ์', 'คุณภาษิต']"
sriTCUaofj,"['กรึง', 'คิง']"
XDjEBbhk5j,['เกษียน']
911xJPMMst,"['เจชณี', 'ค่ำ']"
avw1O9ZsJH,['กัญญ์ทอง']
rF5TTMnam0,['เจษฎ์ดารินทร์']
xT8QzLgvtu,"['คงณัฐภูมิ', 'เกตุสลิน']"
6TZeYa37jX,"['กานต์พิศชา', 'โก๊ส']"
FfWd3hjOkY,['แก่']
h0ezFeKORd,"['จิตรวัณ', 'เง็กสูน']"
NYNPCSw4ZY,['กานต์ฤทัย']
h2U3jhwfn3,['จักรศินัย']
5ql1df55Bv,['เขียน']
jBt6MvCIin,"['เจศเกศา', 'กูณชัย']"
RvZ64Ywejr,"['กอร์ปลาภ', 'กาหรั่ง']"
KcMXyd7ZxY,['คุณาวุฒิ']
IiyDxQ8VS8,['คุรกิรปาลซิงห์']
bz7FXj8D7u,"['เกตุจินดา', 'คนธพรรณ', 'โจม']"
msrIuXCQhr,"['กัญจน์อุบลพรรณ', 'กิ้มฉุ้น']"
6RiCxG2N8u,"['กวีรุทธิ์', 'เขตษฏาวุธ', 'จะรินทร์']"
LIm2yBuXxZ,"['กิ้มต้อง', 'เง็กจิน']"
jNMRSzcz44,['เกลียวพันธ์']
suVAlmiYI4,"['ขวัญไชย์', 'กงแงจวน']"
ipYFbxJKxD,"['คุณาธิน', 'คธาวุฒ']"
BPfTganEei,"['เกษกิ่งแก้ว', 'กนกกมล']"
fW66tMIjJU,['ไกรทศ']
k1BqStG9IQ,"['ก๋องจันทร์', 'จาตุศม']"
Bj5QRtN0sw,['คอลีฟ้า']
JzmNPz1dZ7,['คงสรณ์']
NMdtQVQVlh,"['กานต์ติมา', 'คัชรียา', 'คำสอง']"
PbN7AgFVWN,['จีระนุช']
29vf1DWXsP,"['กำไลรัตน์', 'คิริยะ']"
BgV1PWpt3c,['กิตติ์ดำรงค์']
IyD7u3mSpK,"['เกร็ดจุฑา', 'กุลติมา']"
tO9Sx5ZRhI,"['จิรภิณญา', 'คูณพอ', 'คาร']"
M8zFGrjXDg,"['กิระแก้ว', 'ขนิตฏิณ']"
VLB5LzxoiG,"['คมกฤต', 'กรุง']"
CVmicmbULp,"['จันทิดา', 'กิมอี่']"
Ky0aJY5Mme,['จิณนวัฒน์']
z2CJVJpgDg,"['กุลพิเชษฐ์', 'ขี่ฝาย']"
wTAskcJF6n,['กูฏาปัญญ์']
LWPaEPGW8j,['เกรียงประชา']
0wh3s3bpBS,['การสิลักษณ์']
ZHPQTQ5gyS,['จันทร์กาณ']
4JrNOJ00nd,['จันทโมรี']
nLOZ2WzjCo,"['จุลพยัพ', 'จะโรม']"
sw3Xd3Pvrh,['ขุนเทียน']
Te6fJsU1J6,['กุลวิรา']
3zooUVnEoH,['จุฑา']
RRLFHQtcoz,"['แก้วพรมมา', 'จินานันท์']"
UF0eWIXiiQ,['กริษสุดา']
BR1k7dgwEl,"['จิตลวัลย์', 'กมลฐิยา']"
mDgita8zv1,"['กิมเกียว', 'แคเรน']"
Me9jKOFgZa,['คชาชาญ']
PYitKACf2O,['ครองคม']
ez3VcBbD6e,['กุมุทพันธ์']
rDp37eCZ32,['ก้องการ์รุนต์']
4OeUe5b2GO,['กันลืม']
oyRTyEqjH3,"['กิมซัง', 'กานดา']"
6SiP7aMEa5,"['จิตต์สงบ', 'กัมพณ']"
silu1CNd3w,"['กนิกรณ์', 'โจม']"
Omr3YEf8xz,['กะเด็น']
ft3TC3AHnQ,"['กัญญ์รกรณ์', 'คมวิวัฏ', 'ขลุ่ย']"
VUAgqNmmh7,['กัญญาฆฤณา']
fWBpNjUGlp,['จิรชญาลักษณ์']
2jimvAK56D,['นิค']
rVn7VzStak,['คณิตม์']
vreKZHEBnw,['กิตษดี']
AlF6SPpbhW,['กิ่งทิพพ์']
Cuazmvf4KZ,['กรณ์สิรี']
VDyvVz2mzc,"['กาญญ์จนพัฒน์', 'กฤติพงษ์']"
K0qwqLfXGb,['กฤษฏิ์กุล']
iGw8dBFykx,"['กิตติ์วัฒน์', 'คมกนก', 'คาร']"
JeGsv8hZG9,['แก้วประดับ']
9ciG9Lv3g3,['เกษวัต']
9maNWqaDF2,['เง็กฮั้ว']
FWxTsJUcfu,"['กอปร์กาญจน์', 'กันตธรรม']"
B2ymjZ9VjE,"['จักราวุฒิ', 'คนิฐ']"
7UM8CV4vir,"['กัลย์รสา', 'กรรญณี']"
cmgFmgcKP1,['กฤชษภณ']
avSZhtCEbv,['กิมหลวน']
GTrA1EEpDJ,['เกตช์นิภา']
v5ckQm8E9Q,"['จักร์กะพงษ์', 'จรินยา']"
x7uiy31KAx,['กุลฑลี']
kTIsll1TS5,"['กัลย์อชิรญาณ์', 'กาณต์สิณี']"
AMU0JVuDSb,['ขัตติฤกษ์']
tCdMadXyXm,"['กนต์นธรณ์', 'จั๊กจั่น']"
QhK8nDSqXx,"['จิยพงษ์', 'คุณธิดา']"
7ntDpxZxQk,['กฤชยศ']
Jplmbl1q6g,['จิณณฤต']
JU7UIqQstp,"['กาญจนศักดิ์', 'กัลญวัจณ์']"
jnnZVmVPax,['กันย์ธวัช']
iRJhtbzN1o,"['กฤธสุพจน์', 'จิตอร่าม']"
h4gVJjrsMn,['คมฉัตร']
D8hP1jF7Ts,"['จิตตินา', 'จรรจวน']"
AsjmvoyK1p,"['เขมภิญญา', 'กำเซี้ยะ']"
skjRDf4Of8,"['จิราวัฒน์', 'กีนดา']"
sDGMBgYSh2,"['เง็กซัว', 'จัตุพล']"
V0v2TfmiEW,"['เจนนภนต์', 'เจิมสิริ']"
ouw5rGRBrd,['จงสถาพร']
3a98BRG7Ui,['คมดวง']
ecQoXsf2o3,"['กานดาศรี', 'กิมหุน', 'คาร']"
ZaWjQjCIsy,"['กรกานต์', 'คมกฤษฏ์']"
B8SjIneOUr,"['จิรัตติกาญจน์', 'จีรังกุล', 'กันรัตน์']"
CeF7mNzlPF,['คณาวัฒน์']
LSKoCxzDXR,['จรินทร์']
HfPQBGxbxt,"['กิตตพันธ์', 'กวินชนา']"
cZevBhNohJ,['ขวัญศักดิ์']
nUeUuYElF0,['งามไพลิน']
RCoMFzVNYf,"['กัยหย่ง', 'กรมาศ']"
741fDZOdxJ,['กชดา']
RMmejeBpD6,['คงวิทยา']
B5y2wDqnDt,"['ไกรประสิทธิ์', 'จันทนกาญจน์']"
9XZjscs9Tf,"['จารีพัฒน์', 'งามเกศ', 'โจม']"
GTFOSxSdPy,"['กิริยาภา', 'ค่ำ']"
A9k0mZMi3q,"['จุลวัฒน์', 'จินระณา']"
21TQDi4sUT,"['กีรติกาญจน์', 'จตุพัจน์']"
oSoDNnpEVX,['เกียมง้วง']
tJaJAfo16h,"['จรูญเพชร', 'โจม']"
kfKbYWoscr,['กิจชนะ']
ju3TlXfFvO,['กรณ์ณิศฌา']
s2QSRBOsSN,['คทิน']
UUBxj5EfFl,"['ก้องภู', 'กาญจน']"
CZif521Zvh,['กัลยาภัศร์']
PiLIRZm3it,['เขมะพันธ์']
UDOQSw2eYI,['กนสิทธิ์']
Gsr8BH8T47,"['สันต์', 'เทพ']"
h0i7bEwtSx,"['จรูญเกียรติ', 'กฤตไกรพ์']"
Xz3G0aQ3ID,"['กุลนันต์', 'กลางชล', 'กณิตา']"
DJT1q6KGtT,"['คุงจุ้ย', 'เจตสิก', 'โจม']"
oVjbqJ7LLU,['ค่าซิม']
k3jlXTdAtt,"['จตุพัจน์', 'เง็กฮวย']"
udO0a0woU9,"['จุรีวดี', 'กนกอร']"
S7EvpaaQf6,"['จำรัศศรี', 'กะแมน']"
zvIc9Q4CVr,"['ขันงาม', 'ก้วง']"
qQ3FH9OuMy,['เจ่งแชร์']
fGJtHvWOkb,"['เจริญพิศ', 'จิรัชฎา']"
Ly0O8xgRoE,['จรรยาณี']
MMG8d6Qxzj,['เจษฎาฤกษ์']
KUOdHmxDjp,"['กาญศิริ', 'คัทยาวน']"
bv0Yttr1F2,"['กิติโรจน์', 'กำธรชัย']"
0FfEwAvuQg,"['จันทรัตน์', 'กวิภัส']"
JqI5IEPXjx,['กรธารา']
A8zVxyFtPL,"['จันทร์ถนอม', 'จอมมิด']"
1bvyOI1kKM,['จวงศักดิ์']
1WJnLn03ov,['เกสนา']
n9HggUoIym,['กาญนิกา']
v0Pl1XRDSE,"['กาญจน์วัลย์', 'กรชิตา']"
jRC8xxCWeK,"['กฤตภพ', 'ไขมณี']"
hv6Rp1I2X2,['กุญกัญญา']
xG4FDgZUEW,"['จิตราพันธุ์', 'กันยาวีร์', 'กฤช']"
nVErULWHMs,['ขนิตตา']
dbLci1xwZV,['งื่อจู๊']
xGLgCGo8Nc,"['ฆีบธเศษฐ์', 'เก๊าจ้วย']"
hexcImvmRv,"['กานจนา', 'คริมา']"
SVfnkzgge7,['คนิตดา']
CCHHNkxx6s,['กฤตยพัชร']
80vZVynzl0,['กีรติกานต์']
hFkhog99sw,"['กฤตย์ณัฏฐ์ชญา', 'จีรานัฐภัค']"
OOMJn0Cour,"['จันทร์ทัต', 'กนิตฐา']"
faAO6rAlJD,"['กมลวรรจน์', 'คเนศวร์']"
B4NNgvP8RY,['กาเราตรี']
3dpVczCoIn,['กุลประทีป']
Shr2TKEO1n,['กุมแยสกุมารี']
aFnvAtYZFx,['คุโณปการ']
t6vwal3jKQ,"['จิตวิฑูรย์', 'กิตติกำธร']"
luOdaCrnWX,['โก่ย']
RV5IfLBcbf,"['จิรศักก์', 'ไขนภา']"
XEDB0ULru2,"['กสุมา', 'คนี']"
Rw6RiTP9lG,"['คมค์ปภัส', 'เกรียง', 'แก่']"
I0oyfLTAHK,"['เจริญวัฒน์', 'แกมเพชร']"
hfhTCOxfHT,['ขวัญนิธิ']
vVL7mV8hKx,['เกดชุดา']
4HUYrm2RbS,['กฤตตฤน']
LiVeiq7K2o,['กัณฑนันท์']
aa3GUUxFz7,"['จักษ์กฤษณ์', 'จินดาหรา']"
htFZBVZ6t5,['กริษศณะ']
aRGTjQijyK,"['ขนบพันธุ์', 'จิรเรศ']"
OF9KYpuyr0,"['กรพลัช', 'เง็กแช']"
sWbo2Uvvpn,"['การกรวิจิตสารรรถ', 'คมจัด']"
QYjkphcuKi,['กสิพงษ์']
Axlz4y814K,['เกลียงลม']
xCOTh6BeEA,['กฤษนาค']
pQuvnD9Mvb,"['กัณฑ์ภัค', 'ค่ำ']"
xZRuBVhg2W,['การุณร์']
TmhmscizAV,['จันทน์ขจร']
ob8b7JPNOo,['เขมราช']
88H5YsQICi,"['คาเม้ง', 'จัสทิน']"
GJgupDhrCp,"['กิตติณัฐพงษ์', 'จรีนาถ', 'คำรณต์']"
MHvB4Riv5F,"['จรุงรัชช์', 'กันณวัช', 'จาตุม']"
BwmmO6mYev,['กุลนิตา']
QHeDdxHaku,['จันวิลา']
o6OTTPxWLI,['กนิตฐา']
dN9ulbTdty,['กิตินัฐ']
6epXFRg4vb,"['กัญจน์พิศุทธิ์', 'จตุวัฒน']"
nZNAAcvwJZ,"['คีรีวุฒิ', 'กฤษตฤณ', 'โจม']"
qPT85PtmjH,['เกียง']
68QwGt2k1Q,"['ขวัณภัทชอร', 'ขันน้อย']"
DSz3Q9VMUF,"['โขมพัตถ์', 'กชพรรน']"
zIfY4PPeIb,['ใกล้นภา']
mQVKRRMKle,"['การุญรัตน์', 'กิตติวัฒน์']"
FEVA71vTB4,"['กฤติภาส', 'กัมพู']"
EqW4CP7i8h,['กุลสิริยา']
RAY8uCE3Vi,"['กฤษณ์กานต์', 'คัทธนาม']"
FDefJQpT8C,"['จันฑอาภา', 'คิดควร']"
ufZNQNAyo5,"['จาตุรณ', 'กฤชณะ', 'แก่']"
j09YEbWyB2,['กอรปแก้ว']
T58OQI2Mow,['กันรณา']
8tEAUvCYPS,"['จาฏุมณฑน์', 'คาร']"
o64RyR4T05,"['เขมัสสิริ', 'เจษฎาร']"
f3dyAHtSOo,"['กันยากิตติ์', 'เกตุมาลา']"
RcxpPakfrX,"['จุฑาพรรธน์', 'กล่ำคาน']"
1HmbRaOUpo,"['จิรัตติกาญจน์', 'กรอศิริ', 'คาร']"
R0MX0yuFPQ,"['กุลณิภา', 'โงม๊วย']"
uWWX4zGU7V,"['จิตร์ตาทอง', 'จเรโรจน์', 'คาร']"
OZIYbyYTwE,"['ไกรวทิน', 'คอราซอน']"
0fYM9NOt4G,"['เข่งยี่', 'โค๊ะ']"
0TQOU4vCaq,['กอบสกรรจ์']
UXGcBHzEZZ,"['จิรปภา', 'กิมจับ']"
3uSzRnTyTB,"['กิจณัฐพนธ์', 'เคจิ']"
6G2TExSLlC,"['เครือมารถ', 'กรรถนา', 'แก่']"
Gac23apcEx,"['กันตวิชญ์', 'กฤษณรัตน']"
dyyvdq90ql,"['จันทร์อ้วน', 'กัญฒ์ภิอร', 'โจม']"
Croe8miXXL,['กิตติยาณี']
rWYZP8zwEQ,"['จือเต๊ก', 'คาร']"
1r20i5ImqU,"['กิตติยาณี', 'โจม']"
5dlcadQVun,['จุงลิ่ว']
iZcditLBG9,"['กมลสิงห์', 'กอบสัณห']"
1pW1RzFjKO,['เกิดคุณ']
oForBFbyvQ,"['จันทร์ดา', 'ครวญ']"
LzOuTyzyBI,"['จิตตะวดี', 'คิมเปิ้ล']"
6LbTSw8KKj,['คณิตสาส์น']
AYjbsqpNC6,['ขจรขวัญ']
vwiQPpgsNe,['กิ่มเนตร์']
LhzYpacLYS,['กฤษณาวุธ']
QfXD30PyrO,"['แก้วจงกล', 'ก้องห่ง']"
jCe0zMZpHv,['จิตรนาถ']
UcsMbHi4ta,"['คำลาง', 'โจม']"
i2u9yKVatd,['คมเฉลิม']
r2qaVhMl6L,"['กัณณ์ภาอร', 'คัตทา']"
rNOLJTuyMH,"['เกศดาพร', 'กิจดี']"
6dJA9AJHiy,['กรรณิเกศ']
mcYMGHSoNk,"['จินต์ศุภา', 'คาเง็ก']"
IwuUDr31M6,['กัลย์ชนา']
an7m9VhVWE,"['เกศกาญจนา', 'กี่ย้ง']"
kP1AbpciKL,"['กิตตินาถ', 'กิมอั้ว', 'ค่ำ', 'คาร']"
jwGaXRpdR1,['เกษมนิติ์']
bP95Mc1VQZ,['จิตต์ณัฐดา']
xccKETxhLE,"['กนกธาราดล', 'จั้นย้ง', 'คิมฮวง']"
kKWkFYWXfi,['คณวิทร']
Mgyybh0aW1,"['เง็กเม้ง', 'คทากฤต']"
0dGYketTGz,"['เก็จวลี', 'คณิศพร']"
ljdPwcj2cQ,"['จุ้นเอ็ง', 'คาร']"
77u5yXroUq,"['กิ่งกานดา', 'ขนิษดา']"
n3RB1gnI1S,"['เจียงนิพนธ์', 'ข่อง']"
0o2DvJXNME,['คัมภีรา']
Bi3Dldqyun,"['เคียกฟ้า', 'กิมเล็ง']"
yOYoRSoZuA,"['กรรธิมา', 'จำปา']"
M9lPVyXSYQ,"['กฤษธฤทธิ์', 'เจื่อง', 'จำรัด']"
kiUIFl64IP,['งี่เส้ง']
Vj6ANRC3nf,"['ขจิตชญาณ์', 'กาซิม']"
y5gOSwFf4O,"['กิจติรัตน์', 'จิตต์ผจง']"
9l5hSlqsDQ,"['กฤษฤทธิ์', 'จีรวัฒิ']"
ST5H6iB6Xj,['คำเม็ก']
V6W1SKgBiq,"['กิตติพิสิฏฐ์', 'กิมเชี้ยง']"
wYYpLublqd,"['การัณยวีร์', 'จินทนา']"
sS3DeRo7qY,['จิธิยา']
luJaRa1eaA,"['คุณาเดช', 'คมลิขิต']"
dkyayq7YYD,['เกริกบุญ']
wfLaNGz2i2,"['จรัสฤทธิ์', 'คาร']"
3uKBKzTOAs,['กรองลักษ์']
OW4Su2QEev,['กมลตณรรญษ์']
Q3IiP3whlI,['กรภัศณดา']
TBkSCwCcU3,"['กัญจน์วรา', 'กฤดิยะ']"
K2g5H6con5,['กมนณลักษณ์']
Ep2ot2TjZD,"['จักรกฤชณ์', 'คำเพ็ชร์', 'โจม']"
qCDqo1rKdj,['กาจสนิท']
oM3yHulCOa,"['ขาเกียว', 'กฤษชัช']"
D4SiwkdrxA,"['กัญญกาญจน์', 'กมลมารถ']"
kb4Ffaal7f,"['จุฬลัมพา', 'กฤษนุ']"
aqhT6iuQVD,"['จิตต์สดับ', 'เขตร์นภา']"
ke0ct8sDUH,"['จันทรชัย', 'กิมจวง', 'โจม']"
E3Hve79LWy,"['กฤษฏพงศ์', 'กริต']"
nl0VFahJwe,['ค่องจอง']
3rU4hX5bvZ,"['กัญญปภา', 'กันตพร']"
YSgy3c2Eom,['คุณสิทธิ์']
K4TunPFz46,['คล้ายเครือ']
k2GXUNpGKe,['จริพรร']
cQyrjSv5zK,"['กุญชภัสส์', 'คนึงจิตร']"
bh72kCDa9B,['เกรียงเวช']
zHiUo1aWbt,"['จีณณะณัฏฐ์', 'กฤษศิภรณ์', 'กัญจะ']"
bN48Ju6NoP,['จันทร์ตุ้ย']
iCkoeGPrnj,"['กฤษฎิ์กุลยา', 'คชาร์']"
JxhWrKoZB2,"['ขันฑ์โชติ', 'คาร']"
fMcUy7zNPH,['คันธชัย']
8R33IjVLo7,"['กอเพิ่ม', 'จันโสม']"
yQFHNSLqdx,"['ขรินทฌ์ทิพย์', 'กัณทกาษ', 'จีรษา']"
jASnAGXN6E,['จิศาณี']
ahQwCp5PN6,"['กฤดิรมณีย์', 'จตุโชค']"
bVlFHy6Jhq,['กฤตนัน']
Y6Rt687BT6,"['เก้ากวี', 'กัมลัย']"
5kuVFW8jJ2,"['กันตลัคน์', 'จันท์ภัค']"
6K4FDDKcVf,"['กวีพัชร์', 'จัญ']"
vDYnHEwEgC,"['จารุพักต์', 'จณิ', 'คาร']"
hOKYz1WO6q,"['จิรวงษ์', 'กำไล']"
z3RXlDhSHD,"['เจี่ยวเอ็ง', 'คณรัฐ']"
S1iWTECNa5,"['เกรนธร', 'คุปติ']"
sKpketN5vI,['จำลี']
iVAHhVeECX,"['จารุวัลลภ์', 'จตุฬส', 'คาร']"
2CgH6DaUjA,['จิราเมศร์']
R7YiHQMLog,['เกียรติกล้า']
yCOzBubyRh,"['จักรพงษ', 'คำรณภ์']"
1u6nxuAcK3,"['แก่นแก้ว', 'เกษกัญญา']"
yjdQdmrWYk,['ก๊กตง']
c5RInCSd1O,"['กนกรจน์', 'กวิล']"
iEwACVPbsm,"['จุลเกียรติ', 'กันยาอนงค์']"
FcfdoMobHE,['ขนิษพงษ์']
2ArhRHDFxH,['คุนัญลศรี']
nQlEimJy17,['จี่น้ำ']
M7BNlDGBJ0,['เกดชดา']
RINqRJ4Da8,"['กิ่งปราง', 'ก้ายโอ้ว']"
Tn2U7ZoSVd,"['คณะศักดิ์', 'กองมา', 'โจม']"
sMkYYO8N5k,"['จิณณภัค', 'กรพงศ์', 'คาร']"
6Ce5fuMjei,"['กัญญรัศมิ์', 'จิตนาภรณ์']"
ggQBwBAD3U,"['จิรวิศิษฏ์', 'กลิ่นขจร']"
c4YIGWhfEQ,['จิตต์เกื้อ']
yhpFOMeH4a,"['เขมวิทู', 'ขุนอิน']"
FnUfYEYQNe,['คำปึก']
lme69ysnos,['คมชนะ']
ISYk9SBw6S,"['จุลพันธ์', 'จิรัจสมร', 'คาร']"
I8B96JCca0,['เก้าภภา']
AvIDAdn1Ay,['กลพจน์']
cVk8Jx68hM,"['กิตติวัชน์', 'กฤษฎธรรม']"
5SSK06gMPt,"['จิยากร', 'คุณฮวด']"
K8m1Z4FItl,['เจริญโรจน์']
YyE1U1MiWi,"['คีร์ริณญ', 'จรัสสุดา']"
i5MI0a58XR,"['ก้องกังวาน', 'คนึงรัตน์']"
Ccdx1seP32,['กัญญนิษณ์']
0cZuzren68,['เจษฎาพร']
kCAEDnvMju,['จักร์รัฐ']
6U6ZefyJzJ,['เกิดกล้า']
t4jQHoAtrd,['กิมกวย']
f6ZEtjiR5t,"['กองกาญน์', 'กรรติมา']"
BgWOT3gCkS,['จิตร์เจริญ']
D3I7rJCi8S,['กรญษา']
WrXPvhsBkD,"['กวิสสร', 'คาร']"
S4wtigyGLt,['เกตศรี']
ulazPuaynD,"['เจาฟุ้ง', 'เขษมณัช']"
TKW6iml1ys,"['กฤชภรณ์', 'กิมราน']"
ykECBGNVBW,['เกลียวเพ็ชร']
26efkvouuP,['กำเพชร']
VMqegJddv7,"['กิจสดาร', 'ขจรชม']"
WYL3Zd27Tt,['ไกรรวี']
2llpLuZVSw,"['กมลวัลท์', 'จะรูณ']"
KxwfelTXDq,['จอนแนน']
xSgc5kFi0T,['คอดิเยาะห์']
FIZaM4FpnL,"['เกศธิดาภรณ์', 'กอเด๊ด', 'แก่']"
ic8ctFhgp4,['แกมแก้ว']
vzUKN9b1lm,"['กฤษณ์เมธา', 'กฤตศร']"
ISOuThWwJE,['กฤตศรัณย์']
WaRrjCwlnT,['จันทรพรรณ']
6oboByjwPs,"['กานต์ภัสฌา', 'คณาญา']"
IRlWE9XebL,['คีตะนันท์']
uhRKIiu19Y,"['กำพณธิ์ศักดิ์', 'กมลสุภา']"
FJGhKhrXI0,"['จิตติพัทธ์', 'คำนวน', 'แก่']"
FsT9ydZvj0,"['กวินิฐชาษ์', 'คมกฤชเสรี']"
drXzeIElm5,['กิ่งไทรย์']
wXtFJglPMf,"['เก็จนภา', 'กรัยชิช']"
v0iQS18VR6,"['เกี้ยน', 'กณิตตา']"
a9U4UqGWlG,"['กวินภศ', 'เครน']"
AxOQpjWWHA,['จันทร์ทิพย์สุดา']
oZzOllOQBz,"['กรันฑ์รัตน์', 'เก็กเซ็ก']"
R9gl1wyBnG,"['จรินทร์ปฏิกาณ', 'กันยธร']"
Jby3EcOyxq,['จิณณ์ธิศา']
UX9CsOlh5i,"['คนธาปิณฑิกัฎ', 'กิมเคย']"
txBmFO2Ye1,"['เขมรัศมิ์', 'กัญจวรรณ']"
W3XdiGso06,['คำอร']
9wHIaS1qps,['กิจสดาร']
D4Y6cFo6aO,"['กัญชนิษฐ์', 'เกศิญานี']"
GLTaobNW5h,['จงกลลักษม์']
FuEwJ77YUr,"['งวงเตียว', 'ควาย']"
4UUQ0s8fnC,"['กาญจน์พิมล', 'เก้ว', 'คาร']"
0JcGgkOh3n,['กรชมกร']
ir3YdPp0nI,['กิตวิชัย']
C6Ct3LBtKN,['กุญนัดดา']
T4JqUiA5Ns,['กิติปกรณ์']
3JkeHjCs0q,"['ใจยิ้ม', 'แก่']"
exwCFGH1hE,"['จิตราภรณ์', 'เครือบ']"
4R8vOqWTCr,"['กันจพงศ์', 'กิมช้อน']"
5kV3ECqWp1,"['กัลยธรณ์', 'ไข่ศรี', 'คนิตา', 'โจม']"
tB0TQEkMK8,['จีราวัล']
ukzNV1tLvG,['เจนไพร']
CAq3LdFIxS,['กรรณษา']
iuhpthlxSj,['กฤศนัฏ']
muhVI8WSlm,['จอมภพ']
8HRMcMC9kR,['การ์ตูน']
DzEtEV8W7I,['กรานชัย']
jyUbS9BxdS,['กิวยิ้น']
BqvNZ4WDcg,['คณิภณ']
eb3Zo18HPv,"['กาญจนาพุทธ', 'กรรณฐ์']"
WBZxNlBOBf,"['จรรยลักษณ์', 'จิตนิสา']"
ukOUcV7JHh,['กุญฉัฐ']
BAxZFurybl,"['กิ้มเจียง', 'จิรพนฐ์', 'คาริต้า']"
4Dffz5ls99,['จรัสพงศ์']
